,feature,score
0,goalNoGoal_multigoal_m13,-0.7609052349417668
1,chance1x2_quote_diffRealCurr2,-0.8638960525582875
2,goalNoGoal_bookkeeping_gg,-0.8874327655951786
3,goalNoGoal_bookkeeping_ng,-0.8874327655951786
4,goalNoGoal_stats_avgGoalTakenHome,-0.9317673447332137
5,goalNoGoal_stats_avgGoalAway,-0.9775704773300664
6,chance1x2_quote_diffInitialCurr2,-0.9811015884656423
7,underOver_quote_realU,-1.1012686537781677
8,chance1x2_quote_diffInitialCurrx,-1.116472237207307
9,underOver_quote_realO,-1.1260264673238751
10,goalNoGoal_chance_goalHome,-1.1337120539796242
11,chance1x2_quote_current1,-1.174902700207812
12,underOver_quote_diffRealCurrU,-1.190067051202913
13,chance1x2_quote_diffInitialCurr1,-1.2144537960379436
14,underOver_quote_diffRealCurrO,-1.231671112249178
15,chance1x2_quote_diffRealCurrx,-1.2524710959979748
16,goalNoGoal_chance_goalAway,-1.2878621146145997
17,underOver_flashback_over05HT,-1.2935587042969858
18,chance1x2_quote_realx,-1.3126122830950482
19,goalNoGoal_stats_avgGoalHome,-1.320659693883362
20,chance1x2_quote_real1,-1.3488710455377277
21,underOver_chance_under15HT,-1.3577019737148572
22,underOver_chance_over15HT,-1.3577019737148572
23,goalNoGoal_chance_even,-1.3592308208827462
24,goalNoGoal_chance_odd,-1.3592308208827462
25,goalNoGoal_stats_avgGoalTakenAway,-1.36942210241059
26,goalNoGoal_quote_realNG,-1.3884931850598716
27,chance1x2_flashback_p2,-1.3892203971017534
28,chance1x2_quote_diffRealCurr1,-1.4185378514511426
29,goalNoGoal_multigoal_m24Home,-1.4432604316744115
30,goalNoGoal_multigoal_m24Away,-1.4531614215668935
31,chance1x2_quote_initial1,-1.4533155672496854
32,chance1x2_flashback_pHt2,-1.4637263693711715
33,goalNoGoal_quote_diffRealCurrGG,-1.4772549673068196
34,underOver_flashback_under25,-1.478836839269314
35,underOver_bookkeeping_actual,-1.4803221076259834
36,goalNoGoal_chance_goal,-1.509323833957496
37,goalNoGoal_chance_noGoal,-1.509323833957496
38,goalNoGoal_quote_diffInitialCurrGG,-1.5113376775773766
39,underOver_flashback_under05HT,-1.5171604517554667
40,goalNoGoal_flashback_m13,-1.5230769230769232
41,chance1x2_chance_p2Ht12,-1.5416488260175845
42,underOver_chance_under45,-1.5453213372778591
43,underOver_chance_over45,-1.5453213372778591
44,chance1x2_chance_pHtx,-1.546797122161185
45,chance1x2_bookkeeping_actual,-1.551701068513099
46,goalNoGoal_quote_realGG,-1.5545791320204307
47,chance1x2_quote_real2,-1.5669209576549201
48,goalNoGoal_multigoal_m14,-1.5743812903624042
49,goalNoGoal_multigoal_m24,-1.6081484271043882
50,goalNoGoal_multigoal_m13Home,-1.608962555162908
51,goalNoGoal_quote_diffRealCurrNG,-1.6220204274848102
52,underOver_bookkeeping_status,-1.6233311114270423
53,goalNoGoal_multigoal_m13Away,-1.6303701675388271
54,evaluation_val1x2,-1.641692708056912
55,goalNoGoal_bookkeeping_actual,-1.6512517958258701
56,goalNoGoal_multigoal_m35,-1.6661377821404266
57,evaluation_valMetrica,-1.6700419458073237
58,underOver_bookkeeping_u,-1.6926106378594237
59,underOver_bookkeeping_o,-1.6926106378594237
60,chance1x2_bookkeeping_p2,-1.6974791186027738
61,chance1x2_flashback_p1,-1.7211021104280917
62,chance1x2_flashback_px,-1.732634219404621
63,chance1x2_chance_p1,-1.7713246545927257
64,chance1x2_chance_p2x,-1.7713246545927257
65,chance1x2_quote_current2,-1.8079229342564376
66,chance1x2_bookkeeping_avg,-1.83459106413926
67,chance1x2_chance_p1x,-1.8383794273297809
68,underOver_quote_currentO,-1.872683065655357
69,goalNoGoal_comparison_flashback,-1.8727124412398644
70,chance1x2_chance_p2,-1.8727347863601809
71,underOver_flashback_over25,-1.8946657785479653
72,chance1x2_chance_px,-1.8959356070386222
73,chance1x2_chance_p12,-1.8959356070386222
74,evaluation_valScala,-1.9098666260581232
75,chance1x2_bookkeeping_px,-1.9686622279025847
76,goalNoGoal_comparison_affini,-1.9707072777798311
77,underOver_flashback_under35,-1.9895194500278572
78,underOver_chance_under05HT,-1.989978685875911
79,underOver_chance_over05HT,-1.989978685875911
80,goalNoGoal_flashback_m24,-2.010589167321347
81,goalNoGoal_bookkeeping_status,-2.0760190124481275
82,underOver_chance_under15,-2.096653462588411
83,goalNoGoal_bookkeeping_avg,-2.10470089753368
84,underOver_quote_initialO,-2.114661988843762
85,underOver_chance_over15,-2.1373681873577155
86,underOver_comparison_affini,-2.137817547766711
87,underOver_flashback_under15,-2.1767998213242503
88,underOver_quote_diffInitialCurrO,-2.214270460678212
89,chance1x2_comparison_flashback,-2.228305428146519
90,chance1x2_bookkeeping_p1,-2.2808254910430197
91,underOver_flashback_over35,-2.2843843832875574
92,underOver_flashback_over15,-2.285101809412549
93,evaluation_valUnderOver,-2.291977278925123
94,underOver_chance_under35,-2.3075879515943676
95,underOver_chance_over35,-2.3075879515943676
96,chance1x2_chance_pHt2,-2.323244212990563
97,chance1x2_chance_p2Ht1x,-2.3558729853538543
98,underOver_chance_under25,-2.3647356645992685
99,underOver_chance_over25,-2.3647356645992685
100,chance1x2_bookkeeping_status,-2.374112687914799
101,chance1x2_flashback_pHtx,-2.3997863753511415
102,underOver_bookkeeping_avg,-2.4136506015302723
103,chance1x2_chance_pHt1,-2.459297658253212
104,chance1x2_chance_p2Ht2x,-2.494367677555063
105,goalNoGoal_quote_diffInitialCurrNG,-2.5217792057049726
106,chance1x2_quote_initialx,-2.522955835106761
107,underOver_chance_under052HT,-2.5495996635967786
108,underOver_chance_over052HT,-2.5495996635967786
109,goalNoGoal_quote_currentGG,-2.564170485859881
110,underOver_quote_diffInitialCurrU,-2.5770539816524094
111,chance1x2_quote_currentx,-2.5873379904625313
112,underOver_comparison_flashback,-2.700309625627285
113,chance1x2_quote_initial2,-2.8418065235394163
114,goalNoGoal_quote_initialGG,-3.0685526866712234
115,chance1x2_flashback_pHt1,-3.1235503542936645
116,underOver_quote_initialU,-3.773424337375859
117,chance1x2_comparison_affini,-4.000669429396665
118,goalNoGoal_flashback_goal,-4.147816759623057
119,goalNoGoal_flashback_noGoal,-4.147816759623057
120,chance1x2_xg_away,-4.1614081016284885
121,underOver_bookkeeping_arrow,-4.493471338634889
122,chance1x2_xg_total,-5.45573517636508
123,chance1x2_xg_home,-5.557418010752324
124,chance1x2_bookkeeping_arrow,-5.887465962571724
125,goalNoGoal_quote_initialNG,-6.066036944150576
126,goalNoGoal_flashback_m35,-6.193575173095736
127,goalNoGoal_bookkeeping_arrow,-6.619259028298527
128,goalNoGoal_quote_currentNG,-7.242287245816428
129,chance1x2_xg,-10.886019963323882
